Model,Val_Acc_2024,Test_Acc_2025,Features_Used
Random Forest,0.49295774647887325,0.5540540540540541,20
XGBoost,0.4647887323943662,0.5540540540540541,20
